<?xml version="1.0" encoding="UTF-8"?>
<project-private xmlns="http://www.netbeans.org/ns/project-private/1">
    <editor-bookmarks xmlns="http://www.netbeans.org/ns/editor-bookmarks/2" lastBookmarkId="0"/>
    <open-files xmlns="http://www.netbeans.org/ns/projectui-open-files/2">
        <group>
            <file>file:/D:/Github/NLP_MP/MorphologicalParsing/src/MorphologicalParser.java</file>
            <file>file:/D:/Github/NLP_MP/MorphologicalParsing/src/Trie.java</file>
            <file>file:/D:/Github/NLP_MP/MorphologicalParsing/src/RedupliTest.java</file>
            <file>file:/D:/Github/NLP_MP/MorphologicalParsing/src/Tester.java</file>
            <file>file:/D:/Github/NLP_MP/MorphologicalParsing/src/Parser.java</file>
            <file>file:/D:/Github/NLP_MP/MorphologicalParsing/src/MorphologicalParsing.java</file>
        </group>
    </open-files>
</project-private>
